date,day,period,quarter,week number,year,month_year,quarter_year,period number,quarter number,month,month number
1/1/2024,Mon,P1,Q1,1,2024,P1 FY24,Q1 FY24,1,1,Jan,1
1/2/2024,Tue,P1,Q1,1,2024,P1 FY24,Q1 FY24,1,1,Jan,1
1/3/2024,Wed,P1,Q1,1,2024,P1 FY24,Q1 FY24,1,1,Jan,1
1/4/2024,Thu,P1,Q1,1,2024,P1 FY24,Q1 FY24,1,1,Jan,1
1/5/2024,Fri,P1,Q1,1,2024,P1 FY24,Q1 FY24,1,1,Jan,1
1/6/2024,Sat,P1,Q1,1,2024,P1 FY24,Q1 FY24,1,1,Jan,1
1/7/2024,Sun,P1,Q1,1,2024,P1 FY24,Q1 FY24,1,1,Jan,1
1/8/2024,Mon,P1,Q1,2,2024,P1 FY24,Q1 FY24,1,1,Jan,1
1/9/2024,Tue,P1,Q1,2,2024,P1 FY24,Q1 FY24,1,1,Jan,1
1/10/2024,Wed,P1,Q1,2,2024,P1 FY24,Q1 FY24,1,1,Jan,1
1/11/2024,Thu,P1,Q1,2,2024,P1 FY24,Q1 FY24,1,1,Jan,1
1/12/2024,Fri,P1,Q1,2,2024,P1 FY24,Q1 FY24,1,1,Jan,1
1/13/2024,Sat,P1,Q1,2,2024,P1 FY24,Q1 FY24,1,1,Jan,1
1/14/2024,Sun,P1,Q1,2,2024,P1 FY24,Q1 FY24,1,1,Jan,1
1/15/2024,Mon,P1,Q1,3,2024,P1 FY24,Q1 FY24,1,1,Jan,1
1/16/2024,Tue,P1,Q1,3,2024,P1 FY24,Q1 FY24,1,1,Jan,1
1/17/2024,Wed,P1,Q1,3,2024,P1 FY24,Q1 FY24,1,1,Jan,1
1/18/2024,Thu,P1,Q1,3,2024,P1 FY24,Q1 FY24,1,1,Jan,1
1/19/2024,Fri,P1,Q1,3,2024,P1 FY24,Q1 FY24,1,1,Jan,1
1/20/2024,Sat,P1,Q1,3,2024,P1 FY24,Q1 FY24,1,1,Jan,1
1/21/2024,Sun,P1,Q1,3,2024,P1 FY24,Q1 FY24,1,1,Jan,1
1/22/2024,Mon,P1,Q1,4,2024,P1 FY24,Q1 FY24,1,1,Jan,1
1/23/2024,Tue,P1,Q1,4,2024,P1 FY24,Q1 FY24,1,1,Jan,1
1/24/2024,Wed,P1,Q1,4,2024,P1 FY24,Q1 FY24,1,1,Jan,1
1/25/2024,Thu,P1,Q1,4,2024,P1 FY24,Q1 FY24,1,1,Jan,1
1/26/2024,Fri,P1,Q1,4,2024,P1 FY24,Q1 FY24,1,1,Jan,1
1/27/2024,Sat,P1,Q1,4,2024,P1 FY24,Q1 FY24,1,1,Jan,1
1/28/2024,Sun,P1,Q1,4,2024,P1 FY24,Q1 FY24,1,1,Jan,1
1/29/2024,Mon,P2,Q1,5,2024,P2 FY24,Q1 FY24,2,1,Jan,1
1/30/2024,Tue,P2,Q1,5,2024,P2 FY24,Q1 FY24,2,1,Jan,1
1/31/2024,Wed,P2,Q1,5,2024,P2 FY24,Q1 FY24,2,1,Jan,1
2/1/2024,Thu,P2,Q1,5,2024,P2 FY24,Q1 FY24,2,1,Feb,2
2/2/2024,Fri,P2,Q1,5,2024,P2 FY24,Q1 FY24,2,1,Feb,2
2/3/2024,Sat,P2,Q1,5,2024,P2 FY24,Q1 FY24,2,1,Feb,2
2/4/2024,Sun,P2,Q1,5,2024,P2 FY24,Q1 FY24,2,1,Feb,2
2/5/2024,Mon,P2,Q1,6,2024,P2 FY24,Q1 FY24,2,1,Feb,2
2/6/2024,Tue,P2,Q1,6,2024,P2 FY24,Q1 FY24,2,1,Feb,2
2/7/2024,Wed,P2,Q1,6,2024,P2 FY24,Q1 FY24,2,1,Feb,2
2/8/2024,Thu,P2,Q1,6,2024,P2 FY24,Q1 FY24,2,1,Feb,2
2/9/2024,Fri,P2,Q1,6,2024,P2 FY24,Q1 FY24,2,1,Feb,2
2/10/2024,Sat,P2,Q1,6,2024,P2 FY24,Q1 FY24,2,1,Feb,2
2/11/2024,Sun,P2,Q1,6,2024,P2 FY24,Q1 FY24,2,1,Feb,2
2/12/2024,Mon,P2,Q1,7,2024,P2 FY24,Q1 FY24,2,1,Feb,2
2/13/2024,Tue,P2,Q1,7,2024,P2 FY24,Q1 FY24,2,1,Feb,2
2/14/2024,Wed,P2,Q1,7,2024,P2 FY24,Q1 FY24,2,1,Feb,2
2/15/2024,Thu,P2,Q1,7,2024,P2 FY24,Q1 FY24,2,1,Feb,2
2/16/2024,Fri,P2,Q1,7,2024,P2 FY24,Q1 FY24,2,1,Feb,2
2/17/2024,Sat,P2,Q1,7,2024,P2 FY24,Q1 FY24,2,1,Feb,2
2/18/2024,Sun,P2,Q1,7,2024,P2 FY24,Q1 FY24,2,1,Feb,2
2/19/2024,Mon,P2,Q1,8,2024,P2 FY24,Q1 FY24,2,1,Feb,2
2/20/2024,Tue,P2,Q1,8,2024,P2 FY24,Q1 FY24,2,1,Feb,2
2/21/2024,Wed,P2,Q1,8,2024,P2 FY24,Q1 FY24,2,1,Feb,2
2/22/2024,Thu,P2,Q1,8,2024,P2 FY24,Q1 FY24,2,1,Feb,2
2/23/2024,Fri,P2,Q1,8,2024,P2 FY24,Q1 FY24,2,1,Feb,2
2/24/2024,Sat,P2,Q1,8,2024,P2 FY24,Q1 FY24,2,1,Feb,2
2/25/2024,Sun,P2,Q1,8,2024,P2 FY24,Q1 FY24,2,1,Feb,2
2/26/2024,Mon,P3,Q1,9,2024,P3 FY24,Q1 FY24,3,1,Feb,2
2/27/2024,Tue,P3,Q1,9,2024,P3 FY24,Q1 FY24,3,1,Feb,2
2/28/2024,Wed,P3,Q1,9,2024,P3 FY24,Q1 FY24,3,1,Feb,2
2/29/2024,Thu,P3,Q1,9,2024,P3 FY24,Q1 FY24,3,1,Feb,2
3/1/2024,Fri,P3,Q1,9,2024,P3 FY24,Q1 FY24,3,1,Mar,3
3/2/2024,Sat,P3,Q1,9,2024,P3 FY24,Q1 FY24,3,1,Mar,3
3/3/2024,Sun,P3,Q1,9,2024,P3 FY24,Q1 FY24,3,1,Mar,3
3/4/2024,Mon,P3,Q1,10,2024,P3 FY24,Q1 FY24,3,1,Mar,3
3/5/2024,Tue,P3,Q1,10,2024,P3 FY24,Q1 FY24,3,1,Mar,3
3/6/2024,Wed,P3,Q1,10,2024,P3 FY24,Q1 FY24,3,1,Mar,3
3/7/2024,Thu,P3,Q1,10,2024,P3 FY24,Q1 FY24,3,1,Mar,3
3/8/2024,Fri,P3,Q1,10,2024,P3 FY24,Q1 FY24,3,1,Mar,3
3/9/2024,Sat,P3,Q1,10,2024,P3 FY24,Q1 FY24,3,1,Mar,3
3/10/2024,Sun,P3,Q1,10,2024,P3 FY24,Q1 FY24,3,1,Mar,3
3/11/2024,Mon,P3,Q1,11,2024,P3 FY24,Q1 FY24,3,1,Mar,3
3/12/2024,Tue,P3,Q1,11,2024,P3 FY24,Q1 FY24,3,1,Mar,3
3/13/2024,Wed,P3,Q1,11,2024,P3 FY24,Q1 FY24,3,1,Mar,3
3/14/2024,Thu,P3,Q1,11,2024,P3 FY24,Q1 FY24,3,1,Mar,3
3/15/2024,Fri,P3,Q1,11,2024,P3 FY24,Q1 FY24,3,1,Mar,3
3/16/2024,Sat,P3,Q1,11,2024,P3 FY24,Q1 FY24,3,1,Mar,3
3/17/2024,Sun,P3,Q1,11,2024,P3 FY24,Q1 FY24,3,1,Mar,3
3/18/2024,Mon,P3,Q1,12,2024,P3 FY24,Q1 FY24,3,1,Mar,3
3/19/2024,Tue,P3,Q1,12,2024,P3 FY24,Q1 FY24,3,1,Mar,3
3/20/2024,Wed,P3,Q1,12,2024,P3 FY24,Q1 FY24,3,1,Mar,3
3/21/2024,Thu,P3,Q1,12,2024,P3 FY24,Q1 FY24,3,1,Mar,3
3/22/2024,Fri,P3,Q1,12,2024,P3 FY24,Q1 FY24,3,1,Mar,3
3/23/2024,Sat,P3,Q1,12,2024,P3 FY24,Q1 FY24,3,1,Mar,3
3/24/2024,Sun,P3,Q1,12,2024,P3 FY24,Q1 FY24,3,1,Mar,3
3/25/2024,Mon,P3,Q1,13,2024,P3 FY24,Q1 FY24,3,1,Mar,3
3/26/2024,Tue,P3,Q1,13,2024,P3 FY24,Q1 FY24,3,1,Mar,3
3/27/2024,Wed,P3,Q1,13,2024,P3 FY24,Q1 FY24,3,1,Mar,3
3/28/2024,Thu,P3,Q1,13,2024,P3 FY24,Q1 FY24,3,1,Mar,3
3/29/2024,Fri,P3,Q1,13,2024,P3 FY24,Q1 FY24,3,1,Mar,3
3/30/2024,Sat,P3,Q1,13,2024,P3 FY24,Q1 FY24,3,1,Mar,3
3/31/2024,Sun,P3,Q1,13,2024,P3 FY24,Q1 FY24,3,1,Mar,3
4/1/2024,Mon,P4,Q2,14,2024,P4 FY24,Q2 FY24,4,2,Apr,4
4/2/2024,Tue,P4,Q2,14,2024,P4 FY24,Q2 FY24,4,2,Apr,4
4/3/2024,Wed,P4,Q2,14,2024,P4 FY24,Q2 FY24,4,2,Apr,4
4/4/2024,Thu,P4,Q2,14,2024,P4 FY24,Q2 FY24,4,2,Apr,4
4/5/2024,Fri,P4,Q2,14,2024,P4 FY24,Q2 FY24,4,2,Apr,4
4/6/2024,Sat,P4,Q2,14,2024,P4 FY24,Q2 FY24,4,2,Apr,4
4/7/2024,Sun,P4,Q2,14,2024,P4 FY24,Q2 FY24,4,2,Apr,4
4/8/2024,Mon,P4,Q2,15,2024,P4 FY24,Q2 FY24,4,2,Apr,4
4/9/2024,Tue,P4,Q2,15,2024,P4 FY24,Q2 FY24,4,2,Apr,4
4/10/2024,Wed,P4,Q2,15,2024,P4 FY24,Q2 FY24,4,2,Apr,4
4/11/2024,Thu,P4,Q2,15,2024,P4 FY24,Q2 FY24,4,2,Apr,4
4/12/2024,Fri,P4,Q2,15,2024,P4 FY24,Q2 FY24,4,2,Apr,4
4/13/2024,Sat,P4,Q2,15,2024,P4 FY24,Q2 FY24,4,2,Apr,4
4/14/2024,Sun,P4,Q2,15,2024,P4 FY24,Q2 FY24,4,2,Apr,4
4/15/2024,Mon,P4,Q2,16,2024,P4 FY24,Q2 FY24,4,2,Apr,4
4/16/2024,Tue,P4,Q2,16,2024,P4 FY24,Q2 FY24,4,2,Apr,4
4/17/2024,Wed,P4,Q2,16,2024,P4 FY24,Q2 FY24,4,2,Apr,4
4/18/2024,Thu,P4,Q2,16,2024,P4 FY24,Q2 FY24,4,2,Apr,4
4/19/2024,Fri,P4,Q2,16,2024,P4 FY24,Q2 FY24,4,2,Apr,4
4/20/2024,Sat,P4,Q2,16,2024,P4 FY24,Q2 FY24,4,2,Apr,4
4/21/2024,Sun,P4,Q2,16,2024,P4 FY24,Q2 FY24,4,2,Apr,4
4/22/2024,Mon,P4,Q2,17,2024,P4 FY24,Q2 FY24,4,2,Apr,4
4/23/2024,Tue,P4,Q2,17,2024,P4 FY24,Q2 FY24,4,2,Apr,4
4/24/2024,Wed,P4,Q2,17,2024,P4 FY24,Q2 FY24,4,2,Apr,4
4/25/2024,Thu,P4,Q2,17,2024,P4 FY24,Q2 FY24,4,2,Apr,4
4/26/2024,Fri,P4,Q2,17,2024,P4 FY24,Q2 FY24,4,2,Apr,4
4/27/2024,Sat,P4,Q2,17,2024,P4 FY24,Q2 FY24,4,2,Apr,4
4/28/2024,Sun,P4,Q2,17,2024,P4 FY24,Q2 FY24,4,2,Apr,4
4/29/2024,Mon,P5,Q2,18,2024,P5 FY24,Q2 FY24,5,2,Apr,4
4/30/2024,Tue,P5,Q2,18,2024,P5 FY24,Q2 FY24,5,2,Apr,4
5/1/2024,Wed,P5,Q2,18,2024,P5 FY24,Q2 FY24,5,2,May,5
5/2/2024,Thu,P5,Q2,18,2024,P5 FY24,Q2 FY24,5,2,May,5
5/3/2024,Fri,P5,Q2,18,2024,P5 FY24,Q2 FY24,5,2,May,5
5/4/2024,Sat,P5,Q2,18,2024,P5 FY24,Q2 FY24,5,2,May,5
5/5/2024,Sun,P5,Q2,18,2024,P5 FY24,Q2 FY24,5,2,May,5
5/6/2024,Mon,P5,Q2,19,2024,P5 FY24,Q2 FY24,5,2,May,5
5/7/2024,Tue,P5,Q2,19,2024,P5 FY24,Q2 FY24,5,2,May,5
5/8/2024,Wed,P5,Q2,19,2024,P5 FY24,Q2 FY24,5,2,May,5
5/9/2024,Thu,P5,Q2,19,2024,P5 FY24,Q2 FY24,5,2,May,5
5/10/2024,Fri,P5,Q2,19,2024,P5 FY24,Q2 FY24,5,2,May,5
5/11/2024,Sat,P5,Q2,19,2024,P5 FY24,Q2 FY24,5,2,May,5
5/12/2024,Sun,P5,Q2,19,2024,P5 FY24,Q2 FY24,5,2,May,5
5/13/2024,Mon,P5,Q2,20,2024,P5 FY24,Q2 FY24,5,2,May,5
5/14/2024,Tue,P5,Q2,20,2024,P5 FY24,Q2 FY24,5,2,May,5
5/15/2024,Wed,P5,Q2,20,2024,P5 FY24,Q2 FY24,5,2,May,5
5/16/2024,Thu,P5,Q2,20,2024,P5 FY24,Q2 FY24,5,2,May,5
5/17/2024,Fri,P5,Q2,20,2024,P5 FY24,Q2 FY24,5,2,May,5
5/18/2024,Sat,P5,Q2,20,2024,P5 FY24,Q2 FY24,5,2,May,5
5/19/2024,Sun,P5,Q2,20,2024,P5 FY24,Q2 FY24,5,2,May,5
5/20/2024,Mon,P5,Q2,21,2024,P5 FY24,Q2 FY24,5,2,May,5
5/21/2024,Tue,P5,Q2,21,2024,P5 FY24,Q2 FY24,5,2,May,5
5/22/2024,Wed,P5,Q2,21,2024,P5 FY24,Q2 FY24,5,2,May,5
5/23/2024,Thu,P5,Q2,21,2024,P5 FY24,Q2 FY24,5,2,May,5
5/24/2024,Fri,P5,Q2,21,2024,P5 FY24,Q2 FY24,5,2,May,5
5/25/2024,Sat,P5,Q2,21,2024,P5 FY24,Q2 FY24,5,2,May,5
5/26/2024,Sun,P5,Q2,21,2024,P5 FY24,Q2 FY24,5,2,May,5
5/27/2024,Mon,P6,Q2,22,2024,P6 FY24,Q2 FY24,6,2,May,5
5/28/2024,Tue,P6,Q2,22,2024,P6 FY24,Q2 FY24,6,2,May,5
5/29/2024,Wed,P6,Q2,22,2024,P6 FY24,Q2 FY24,6,2,May,5
5/30/2024,Thu,P6,Q2,22,2024,P6 FY24,Q2 FY24,6,2,May,5
5/31/2024,Fri,P6,Q2,22,2024,P6 FY24,Q2 FY24,6,2,May,5
6/1/2024,Sat,P6,Q2,22,2024,P6 FY24,Q2 FY24,6,2,Jun,6
6/2/2024,Sun,P6,Q2,22,2024,P6 FY24,Q2 FY24,6,2,Jun,6
6/3/2024,Mon,P6,Q2,23,2024,P6 FY24,Q2 FY24,6,2,Jun,6
6/4/2024,Tue,P6,Q2,23,2024,P6 FY24,Q2 FY24,6,2,Jun,6
6/5/2024,Wed,P6,Q2,23,2024,P6 FY24,Q2 FY24,6,2,Jun,6
6/6/2024,Thu,P6,Q2,23,2024,P6 FY24,Q2 FY24,6,2,Jun,6
6/7/2024,Fri,P6,Q2,23,2024,P6 FY24,Q2 FY24,6,2,Jun,6
6/8/2024,Sat,P6,Q2,23,2024,P6 FY24,Q2 FY24,6,2,Jun,6
6/9/2024,Sun,P6,Q2,23,2024,P6 FY24,Q2 FY24,6,2,Jun,6
6/10/2024,Mon,P6,Q2,24,2024,P6 FY24,Q2 FY24,6,2,Jun,6
6/11/2024,Tue,P6,Q2,24,2024,P6 FY24,Q2 FY24,6,2,Jun,6
6/12/2024,Wed,P6,Q2,24,2024,P6 FY24,Q2 FY24,6,2,Jun,6
6/13/2024,Thu,P6,Q2,24,2024,P6 FY24,Q2 FY24,6,2,Jun,6
6/14/2024,Fri,P6,Q2,24,2024,P6 FY24,Q2 FY24,6,2,Jun,6
6/15/2024,Sat,P6,Q2,24,2024,P6 FY24,Q2 FY24,6,2,Jun,6
6/16/2024,Sun,P6,Q2,24,2024,P6 FY24,Q2 FY24,6,2,Jun,6
6/17/2024,Mon,P6,Q2,25,2024,P6 FY24,Q2 FY24,6,2,Jun,6
6/18/2024,Tue,P6,Q2,25,2024,P6 FY24,Q2 FY24,6,2,Jun,6
6/19/2024,Wed,P6,Q2,25,2024,P6 FY24,Q2 FY24,6,2,Jun,6
6/20/2024,Thu,P6,Q2,25,2024,P6 FY24,Q2 FY24,6,2,Jun,6
6/21/2024,Fri,P6,Q2,25,2024,P6 FY24,Q2 FY24,6,2,Jun,6
6/22/2024,Sat,P6,Q2,25,2024,P6 FY24,Q2 FY24,6,2,Jun,6
6/23/2024,Sun,P6,Q2,25,2024,P6 FY24,Q2 FY24,6,2,Jun,6
6/24/2024,Mon,P6,Q2,26,2024,P6 FY24,Q2 FY24,6,2,Jun,6
6/25/2024,Tue,P6,Q2,26,2024,P6 FY24,Q2 FY24,6,2,Jun,6
6/26/2024,Wed,P6,Q2,26,2024,P6 FY24,Q2 FY24,6,2,Jun,6
6/27/2024,Thu,P6,Q2,26,2024,P6 FY24,Q2 FY24,6,2,Jun,6
6/28/2024,Fri,P6,Q2,26,2024,P6 FY24,Q2 FY24,6,2,Jun,6
6/29/2024,Sat,P6,Q2,26,2024,P6 FY24,Q2 FY24,6,2,Jun,6
6/30/2024,Sun,P6,Q2,26,2024,P6 FY24,Q2 FY24,6,2,Jun,6
7/1/2024,Mon,P7,Q3,27,2024,P7 FY24,Q3 FY24,7,3,Jul,7
7/2/2024,Tue,P7,Q3,27,2024,P7 FY24,Q3 FY24,7,3,Jul,7
7/3/2024,Wed,P7,Q3,27,2024,P7 FY24,Q3 FY24,7,3,Jul,7
7/4/2024,Thu,P7,Q3,27,2024,P7 FY24,Q3 FY24,7,3,Jul,7
7/5/2024,Fri,P7,Q3,27,2024,P7 FY24,Q3 FY24,7,3,Jul,7
7/6/2024,Sat,P7,Q3,27,2024,P7 FY24,Q3 FY24,7,3,Jul,7
7/7/2024,Sun,P7,Q3,27,2024,P7 FY24,Q3 FY24,7,3,Jul,7
7/8/2024,Mon,P7,Q3,28,2024,P7 FY24,Q3 FY24,7,3,Jul,7
7/9/2024,Tue,P7,Q3,28,2024,P7 FY24,Q3 FY24,7,3,Jul,7
7/10/2024,Wed,P7,Q3,28,2024,P7 FY24,Q3 FY24,7,3,Jul,7
7/11/2024,Thu,P7,Q3,28,2024,P7 FY24,Q3 FY24,7,3,Jul,7
7/12/2024,Fri,P7,Q3,28,2024,P7 FY24,Q3 FY24,7,3,Jul,7
7/13/2024,Sat,P7,Q3,28,2024,P7 FY24,Q3 FY24,7,3,Jul,7
7/14/2024,Sun,P7,Q3,28,2024,P7 FY24,Q3 FY24,7,3,Jul,7
7/15/2024,Mon,P7,Q3,29,2024,P7 FY24,Q3 FY24,7,3,Jul,7
7/16/2024,Tue,P7,Q3,29,2024,P7 FY24,Q3 FY24,7,3,Jul,7
7/17/2024,Wed,P7,Q3,29,2024,P7 FY24,Q3 FY24,7,3,Jul,7
7/18/2024,Thu,P7,Q3,29,2024,P7 FY24,Q3 FY24,7,3,Jul,7
7/19/2024,Fri,P7,Q3,29,2024,P7 FY24,Q3 FY24,7,3,Jul,7
7/20/2024,Sat,P7,Q3,29,2024,P7 FY24,Q3 FY24,7,3,Jul,7
7/21/2024,Sun,P7,Q3,29,2024,P7 FY24,Q3 FY24,7,3,Jul,7
7/22/2024,Mon,P7,Q3,30,2024,P7 FY24,Q3 FY24,7,3,Jul,7
7/23/2024,Tue,P7,Q3,30,2024,P7 FY24,Q3 FY24,7,3,Jul,7
7/24/2024,Wed,P7,Q3,30,2024,P7 FY24,Q3 FY24,7,3,Jul,7
7/25/2024,Thu,P7,Q3,30,2024,P7 FY24,Q3 FY24,7,3,Jul,7
7/26/2024,Fri,P7,Q3,30,2024,P7 FY24,Q3 FY24,7,3,Jul,7
7/27/2024,Sat,P7,Q3,30,2024,P7 FY24,Q3 FY24,7,3,Jul,7
7/28/2024,Sun,P7,Q3,30,2024,P7 FY24,Q3 FY24,7,3,Jul,7
7/29/2024,Mon,P8,Q3,31,2024,P8 FY24,Q3 FY24,8,3,Jul,7
7/30/2024,Tue,P8,Q3,31,2024,P8 FY24,Q3 FY24,8,3,Jul,7
7/31/2024,Wed,P8,Q3,31,2024,P8 FY24,Q3 FY24,8,3,Jul,7
8/1/2024,Thu,P8,Q3,31,2024,P8 FY24,Q3 FY24,8,3,Aug,8
8/2/2024,Fri,P8,Q3,31,2024,P8 FY24,Q3 FY24,8,3,Aug,8
8/3/2024,Sat,P8,Q3,31,2024,P8 FY24,Q3 FY24,8,3,Aug,8
8/4/2024,Sun,P8,Q3,31,2024,P8 FY24,Q3 FY24,8,3,Aug,8
8/5/2024,Mon,P8,Q3,32,2024,P8 FY24,Q3 FY24,8,3,Aug,8
8/6/2024,Tue,P8,Q3,32,2024,P8 FY24,Q3 FY24,8,3,Aug,8
8/7/2024,Wed,P8,Q3,32,2024,P8 FY24,Q3 FY24,8,3,Aug,8
8/8/2024,Thu,P8,Q3,32,2024,P8 FY24,Q3 FY24,8,3,Aug,8
8/9/2024,Fri,P8,Q3,32,2024,P8 FY24,Q3 FY24,8,3,Aug,8
8/10/2024,Sat,P8,Q3,32,2024,P8 FY24,Q3 FY24,8,3,Aug,8
8/11/2024,Sun,P8,Q3,32,2024,P8 FY24,Q3 FY24,8,3,Aug,8
8/12/2024,Mon,P8,Q3,33,2024,P8 FY24,Q3 FY24,8,3,Aug,8
8/13/2024,Tue,P8,Q3,33,2024,P8 FY24,Q3 FY24,8,3,Aug,8
8/14/2024,Wed,P8,Q3,33,2024,P8 FY24,Q3 FY24,8,3,Aug,8
8/15/2024,Thu,P8,Q3,33,2024,P8 FY24,Q3 FY24,8,3,Aug,8
8/16/2024,Fri,P8,Q3,33,2024,P8 FY24,Q3 FY24,8,3,Aug,8
8/17/2024,Sat,P8,Q3,33,2024,P8 FY24,Q3 FY24,8,3,Aug,8
8/18/2024,Sun,P8,Q3,33,2024,P8 FY24,Q3 FY24,8,3,Aug,8
8/19/2024,Mon,P8,Q3,34,2024,P8 FY24,Q3 FY24,8,3,Aug,8
8/20/2024,Tue,P8,Q3,34,2024,P8 FY24,Q3 FY24,8,3,Aug,8
8/21/2024,Wed,P8,Q3,34,2024,P8 FY24,Q3 FY24,8,3,Aug,8
8/22/2024,Thu,P8,Q3,34,2024,P8 FY24,Q3 FY24,8,3,Aug,8
8/23/2024,Fri,P8,Q3,34,2024,P8 FY24,Q3 FY24,8,3,Aug,8
8/24/2024,Sat,P8,Q3,34,2024,P8 FY24,Q3 FY24,8,3,Aug,8
8/25/2024,Sun,P8,Q3,34,2024,P8 FY24,Q3 FY24,8,3,Aug,8
8/26/2024,Mon,P9,Q3,35,2024,P9 FY24,Q3 FY24,9,3,Aug,8
8/27/2024,Tue,P9,Q3,35,2024,P9 FY24,Q3 FY24,9,3,Aug,8
8/28/2024,Wed,P9,Q3,35,2024,P9 FY24,Q3 FY24,9,3,Aug,8
8/29/2024,Thu,P9,Q3,35,2024,P9 FY24,Q3 FY24,9,3,Aug,8
8/30/2024,Fri,P9,Q3,35,2024,P9 FY24,Q3 FY24,9,3,Aug,8
8/31/2024,Sat,P9,Q3,35,2024,P9 FY24,Q3 FY24,9,3,Aug,8
9/1/2024,Sun,P9,Q3,35,2024,P9 FY24,Q3 FY24,9,3,Sep,9
9/2/2024,Mon,P9,Q3,36,2024,P9 FY24,Q3 FY24,9,3,Sep,9
9/3/2024,Tue,P9,Q3,36,2024,P9 FY24,Q3 FY24,9,3,Sep,9
9/4/2024,Wed,P9,Q3,36,2024,P9 FY24,Q3 FY24,9,3,Sep,9
9/5/2024,Thu,P9,Q3,36,2024,P9 FY24,Q3 FY24,9,3,Sep,9
9/6/2024,Fri,P9,Q3,36,2024,P9 FY24,Q3 FY24,9,3,Sep,9
9/7/2024,Sat,P9,Q3,36,2024,P9 FY24,Q3 FY24,9,3,Sep,9
9/8/2024,Sun,P9,Q3,36,2024,P9 FY24,Q3 FY24,9,3,Sep,9
9/9/2024,Mon,P9,Q3,37,2024,P9 FY24,Q3 FY24,9,3,Sep,9
9/10/2024,Tue,P9,Q3,37,2024,P9 FY24,Q3 FY24,9,3,Sep,9
9/11/2024,Wed,P9,Q3,37,2024,P9 FY24,Q3 FY24,9,3,Sep,9
9/12/2024,Thu,P9,Q3,37,2024,P9 FY24,Q3 FY24,9,3,Sep,9
9/13/2024,Fri,P9,Q3,37,2024,P9 FY24,Q3 FY24,9,3,Sep,9
9/14/2024,Sat,P9,Q3,37,2024,P9 FY24,Q3 FY24,9,3,Sep,9
9/15/2024,Sun,P9,Q3,37,2024,P9 FY24,Q3 FY24,9,3,Sep,9
9/16/2024,Mon,P9,Q3,38,2024,P9 FY24,Q3 FY24,9,3,Sep,9
9/17/2024,Tue,P9,Q3,38,2024,P9 FY24,Q3 FY24,9,3,Sep,9
9/18/2024,Wed,P9,Q3,38,2024,P9 FY24,Q3 FY24,9,3,Sep,9
9/19/2024,Thu,P9,Q3,38,2024,P9 FY24,Q3 FY24,9,3,Sep,9
9/20/2024,Fri,P9,Q3,38,2024,P9 FY24,Q3 FY24,9,3,Sep,9
9/21/2024,Sat,P9,Q3,38,2024,P9 FY24,Q3 FY24,9,3,Sep,9
9/22/2024,Sun,P9,Q3,38,2024,P9 FY24,Q3 FY24,9,3,Sep,9
9/23/2024,Mon,P9,Q3,39,2024,P9 FY24,Q3 FY24,9,3,Sep,9
9/24/2024,Tue,P9,Q3,39,2024,P9 FY24,Q3 FY24,9,3,Sep,9
9/25/2024,Wed,P9,Q3,39,2024,P9 FY24,Q3 FY24,9,3,Sep,9
9/26/2024,Thu,P9,Q3,39,2024,P9 FY24,Q3 FY24,9,3,Sep,9
9/27/2024,Fri,P9,Q3,39,2024,P9 FY24,Q3 FY24,9,3,Sep,9
9/28/2024,Sat,P9,Q3,39,2024,P9 FY24,Q3 FY24,9,3,Sep,9
9/29/2024,Sun,P9,Q3,39,2024,P9 FY24,Q3 FY24,9,3,Sep,9
9/30/2024,Mon,P10,Q4,40,2024,P10 FY24,Q4 FY24,10,4,Sep,9
10/1/2024,Tue,P10,Q4,40,2024,P10 FY24,Q4 FY24,10,4,Oct,10
10/2/2024,Wed,P10,Q4,40,2024,P10 FY24,Q4 FY24,10,4,Oct,10
10/3/2024,Thu,P10,Q4,40,2024,P10 FY24,Q4 FY24,10,4,Oct,10
10/4/2024,Fri,P10,Q4,40,2024,P10 FY24,Q4 FY24,10,4,Oct,10
10/5/2024,Sat,P10,Q4,40,2024,P10 FY24,Q4 FY24,10,4,Oct,10
10/6/2024,Sun,P10,Q4,40,2024,P10 FY24,Q4 FY24,10,4,Oct,10
10/7/2024,Mon,P10,Q4,41,2024,P10 FY24,Q4 FY24,10,4,Oct,10
10/8/2024,Tue,P10,Q4,41,2024,P10 FY24,Q4 FY24,10,4,Oct,10
10/9/2024,Wed,P10,Q4,41,2024,P10 FY24,Q4 FY24,10,4,Oct,10
10/10/2024,Thu,P10,Q4,41,2024,P10 FY24,Q4 FY24,10,4,Oct,10
10/11/2024,Fri,P10,Q4,41,2024,P10 FY24,Q4 FY24,10,4,Oct,10
10/12/2024,Sat,P10,Q4,41,2024,P10 FY24,Q4 FY24,10,4,Oct,10
10/13/2024,Sun,P10,Q4,41,2024,P10 FY24,Q4 FY24,10,4,Oct,10
10/14/2024,Mon,P10,Q4,42,2024,P10 FY24,Q4 FY24,10,4,Oct,10
10/15/2024,Tue,P10,Q4,42,2024,P10 FY24,Q4 FY24,10,4,Oct,10
10/16/2024,Wed,P10,Q4,42,2024,P10 FY24,Q4 FY24,10,4,Oct,10
10/17/2024,Thu,P10,Q4,42,2024,P10 FY24,Q4 FY24,10,4,Oct,10
10/18/2024,Fri,P10,Q4,42,2024,P10 FY24,Q4 FY24,10,4,Oct,10
10/19/2024,Sat,P10,Q4,42,2024,P10 FY24,Q4 FY24,10,4,Oct,10
10/20/2024,Sun,P10,Q4,42,2024,P10 FY24,Q4 FY24,10,4,Oct,10
10/21/2024,Mon,P10,Q4,43,2024,P10 FY24,Q4 FY24,10,4,Oct,10
10/22/2024,Tue,P10,Q4,43,2024,P10 FY24,Q4 FY24,10,4,Oct,10
10/23/2024,Wed,P10,Q4,43,2024,P10 FY24,Q4 FY24,10,4,Oct,10
10/24/2024,Thu,P10,Q4,43,2024,P10 FY24,Q4 FY24,10,4,Oct,10
10/25/2024,Fri,P10,Q4,43,2024,P10 FY24,Q4 FY24,10,4,Oct,10
10/26/2024,Sat,P10,Q4,43,2024,P10 FY24,Q4 FY24,10,4,Oct,10
10/27/2024,Sun,P10,Q4,43,2024,P10 FY24,Q4 FY24,10,4,Oct,10
10/28/2024,Mon,P11,Q4,44,2024,P11 FY24,Q4 FY24,11,4,Oct,10
10/29/2024,Tue,P11,Q4,44,2024,P11 FY24,Q4 FY24,11,4,Oct,10
10/30/2024,Wed,P11,Q4,44,2024,P11 FY24,Q4 FY24,11,4,Oct,10
10/31/2024,Thu,P11,Q4,44,2024,P11 FY24,Q4 FY24,11,4,Oct,10
11/1/2024,Fri,P11,Q4,44,2024,P11 FY24,Q4 FY24,11,4,Nov,11
11/2/2024,Sat,P11,Q4,44,2024,P11 FY24,Q4 FY24,11,4,Nov,11
11/3/2024,Sun,P11,Q4,44,2024,P11 FY24,Q4 FY24,11,4,Nov,11
11/4/2024,Mon,P11,Q4,45,2024,P11 FY24,Q4 FY24,11,4,Nov,11
11/5/2024,Tue,P11,Q4,45,2024,P11 FY24,Q4 FY24,11,4,Nov,11
11/6/2024,Wed,P11,Q4,45,2024,P11 FY24,Q4 FY24,11,4,Nov,11
11/7/2024,Thu,P11,Q4,45,2024,P11 FY24,Q4 FY24,11,4,Nov,11
11/8/2024,Fri,P11,Q4,45,2024,P11 FY24,Q4 FY24,11,4,Nov,11
11/9/2024,Sat,P11,Q4,45,2024,P11 FY24,Q4 FY24,11,4,Nov,11
11/10/2024,Sun,P11,Q4,45,2024,P11 FY24,Q4 FY24,11,4,Nov,11
11/11/2024,Mon,P11,Q4,46,2024,P11 FY24,Q4 FY24,11,4,Nov,11
11/12/2024,Tue,P11,Q4,46,2024,P11 FY24,Q4 FY24,11,4,Nov,11
11/13/2024,Wed,P11,Q4,46,2024,P11 FY24,Q4 FY24,11,4,Nov,11
11/14/2024,Thu,P11,Q4,46,2024,P11 FY24,Q4 FY24,11,4,Nov,11
11/15/2024,Fri,P11,Q4,46,2024,P11 FY24,Q4 FY24,11,4,Nov,11
11/16/2024,Sat,P11,Q4,46,2024,P11 FY24,Q4 FY24,11,4,Nov,11
11/17/2024,Sun,P11,Q4,46,2024,P11 FY24,Q4 FY24,11,4,Nov,11
11/18/2024,Mon,P11,Q4,47,2024,P11 FY24,Q4 FY24,11,4,Nov,11
11/19/2024,Tue,P11,Q4,47,2024,P11 FY24,Q4 FY24,11,4,Nov,11
11/20/2024,Wed,P11,Q4,47,2024,P11 FY24,Q4 FY24,11,4,Nov,11
11/21/2024,Thu,P11,Q4,47,2024,P11 FY24,Q4 FY24,11,4,Nov,11
11/22/2024,Fri,P11,Q4,47,2024,P11 FY24,Q4 FY24,11,4,Nov,11
11/23/2024,Sat,P11,Q4,47,2024,P11 FY24,Q4 FY24,11,4,Nov,11
11/24/2024,Sun,P11,Q4,47,2024,P11 FY24,Q4 FY24,11,4,Nov,11
11/25/2024,Mon,P12,Q4,48,2024,P12 FY24,Q4 FY24,12,4,Nov,11
11/26/2024,Tue,P12,Q4,48,2024,P12 FY24,Q4 FY24,12,4,Nov,11
11/27/2024,Wed,P12,Q4,48,2024,P12 FY24,Q4 FY24,12,4,Nov,11
11/28/2024,Thu,P12,Q4,48,2024,P12 FY24,Q4 FY24,12,4,Nov,11
11/29/2024,Fri,P12,Q4,48,2024,P12 FY24,Q4 FY24,12,4,Nov,11
11/30/2024,Sat,P12,Q4,48,2024,P12 FY24,Q4 FY24,12,4,Nov,11
12/1/2024,Sun,P12,Q4,48,2024,P12 FY24,Q4 FY24,12,4,Dec,12
12/2/2024,Mon,P12,Q4,49,2024,P12 FY24,Q4 FY24,12,4,Dec,12
12/3/2024,Tue,P12,Q4,49,2024,P12 FY24,Q4 FY24,12,4,Dec,12
12/4/2024,Wed,P12,Q4,49,2024,P12 FY24,Q4 FY24,12,4,Dec,12
12/5/2024,Thu,P12,Q4,49,2024,P12 FY24,Q4 FY24,12,4,Dec,12
12/6/2024,Fri,P12,Q4,49,2024,P12 FY24,Q4 FY24,12,4,Dec,12
12/7/2024,Sat,P12,Q4,49,2024,P12 FY24,Q4 FY24,12,4,Dec,12
12/8/2024,Sun,P12,Q4,49,2024,P12 FY24,Q4 FY24,12,4,Dec,12
12/9/2024,Mon,P12,Q4,50,2024,P12 FY24,Q4 FY24,12,4,Dec,12
12/10/2024,Tue,P12,Q4,50,2024,P12 FY24,Q4 FY24,12,4,Dec,12
12/11/2024,Wed,P12,Q4,50,2024,P12 FY24,Q4 FY24,12,4,Dec,12
12/12/2024,Thu,P12,Q4,50,2024,P12 FY24,Q4 FY24,12,4,Dec,12
12/13/2024,Fri,P12,Q4,50,2024,P12 FY24,Q4 FY24,12,4,Dec,12
12/14/2024,Sat,P12,Q4,50,2024,P12 FY24,Q4 FY24,12,4,Dec,12
12/15/2024,Sun,P12,Q4,50,2024,P12 FY24,Q4 FY24,12,4,Dec,12
12/16/2024,Mon,P12,Q4,51,2024,P12 FY24,Q4 FY24,12,4,Dec,12
12/17/2024,Tue,P12,Q4,51,2024,P12 FY24,Q4 FY24,12,4,Dec,12
12/18/2024,Wed,P12,Q4,51,2024,P12 FY24,Q4 FY24,12,4,Dec,12
12/19/2024,Thu,P12,Q4,51,2024,P12 FY24,Q4 FY24,12,4,Dec,12
12/20/2024,Fri,P12,Q4,51,2024,P12 FY24,Q4 FY24,12,4,Dec,12
12/21/2024,Sat,P12,Q4,51,2024,P12 FY24,Q4 FY24,12,4,Dec,12
12/22/2024,Sun,P12,Q4,51,2024,P12 FY24,Q4 FY24,12,4,Dec,12
12/23/2024,Mon,P12,Q4,52,2024,P12 FY24,Q4 FY24,12,4,Dec,12
12/24/2024,Tue,P12,Q4,52,2024,P12 FY24,Q4 FY24,12,4,Dec,12
12/25/2024,Wed,P12,Q4,52,2024,P12 FY24,Q4 FY24,12,4,Dec,12
12/26/2024,Thu,P12,Q4,52,2024,P12 FY24,Q4 FY24,12,4,Dec,12
12/27/2024,Fri,P12,Q4,52,2024,P12 FY24,Q4 FY24,12,4,Dec,12
12/28/2024,Sat,P12,Q4,52,2024,P12 FY24,Q4 FY24,12,4,Dec,12
12/29/2024,Sun,P12,Q4,52,2024,P12 FY24,Q4 FY24,12,4,Dec,12
12/30/2024,Mon,P1,Q1,1,2025,P1 FY25,Q1 FY25,1,1,Dec,12
12/31/2024,Tue,P1,Q1,1,2025,P1 FY25,Q1 FY25,1,1,Dec,12
1/1/2025,Wed,P1,Q1,1,2025,P1 FY25,Q1 FY25,1,1,Jan,1
1/2/2025,Thu,P1,Q1,1,2025,P1 FY25,Q1 FY25,1,1,Jan,1
1/3/2025,Fri,P1,Q1,1,2025,P1 FY25,Q1 FY25,1,1,Jan,1
1/4/2025,Sat,P1,Q1,1,2025,P1 FY25,Q1 FY25,1,1,Jan,1
1/5/2025,Sun,P1,Q1,1,2025,P1 FY25,Q1 FY25,1,1,Jan,1
1/6/2025,Mon,P1,Q1,2,2025,P1 FY25,Q1 FY25,1,1,Jan,1
1/7/2025,Tue,P1,Q1,2,2025,P1 FY25,Q1 FY25,1,1,Jan,1
1/8/2025,Wed,P1,Q1,2,2025,P1 FY25,Q1 FY25,1,1,Jan,1
1/9/2025,Thu,P1,Q1,2,2025,P1 FY25,Q1 FY25,1,1,Jan,1
1/10/2025,Fri,P1,Q1,2,2025,P1 FY25,Q1 FY25,1,1,Jan,1
1/11/2025,Sat,P1,Q1,2,2025,P1 FY25,Q1 FY25,1,1,Jan,1
1/12/2025,Sun,P1,Q1,2,2025,P1 FY25,Q1 FY25,1,1,Jan,1
1/13/2025,Mon,P1,Q1,3,2025,P1 FY25,Q1 FY25,1,1,Jan,1
1/14/2025,Tue,P1,Q1,3,2025,P1 FY25,Q1 FY25,1,1,Jan,1
1/15/2025,Wed,P1,Q1,3,2025,P1 FY25,Q1 FY25,1,1,Jan,1
1/16/2025,Thu,P1,Q1,3,2025,P1 FY25,Q1 FY25,1,1,Jan,1
1/17/2025,Fri,P1,Q1,3,2025,P1 FY25,Q1 FY25,1,1,Jan,1
1/18/2025,Sat,P1,Q1,3,2025,P1 FY25,Q1 FY25,1,1,Jan,1
1/19/2025,Sun,P1,Q1,3,2025,P1 FY25,Q1 FY25,1,1,Jan,1
1/20/2025,Mon,P1,Q1,4,2025,P1 FY25,Q1 FY25,1,1,Jan,1
1/21/2025,Tue,P1,Q1,4,2025,P1 FY25,Q1 FY25,1,1,Jan,1
1/22/2025,Wed,P1,Q1,4,2025,P1 FY25,Q1 FY25,1,1,Jan,1
1/23/2025,Thu,P1,Q1,4,2025,P1 FY25,Q1 FY25,1,1,Jan,1
1/24/2025,Fri,P1,Q1,4,2025,P1 FY25,Q1 FY25,1,1,Jan,1
1/25/2025,Sat,P1,Q1,4,2025,P1 FY25,Q1 FY25,1,1,Jan,1
1/26/2025,Sun,P1,Q1,4,2025,P1 FY25,Q1 FY25,1,1,Jan,1
1/27/2025,Mon,P2,Q1,5,2025,P2 FY25,Q1 FY25,2,1,Jan,1
1/28/2025,Tue,P2,Q1,5,2025,P2 FY25,Q1 FY25,2,1,Jan,1
1/29/2025,Wed,P2,Q1,5,2025,P2 FY25,Q1 FY25,2,1,Jan,1
1/30/2025,Thu,P2,Q1,5,2025,P2 FY25,Q1 FY25,2,1,Jan,1
1/31/2025,Fri,P2,Q1,5,2025,P2 FY25,Q1 FY25,2,1,Jan,1
2/1/2025,Sat,P2,Q1,5,2025,P2 FY25,Q1 FY25,2,1,Feb,2
2/2/2025,Sun,P2,Q1,5,2025,P2 FY25,Q1 FY25,2,1,Feb,2
2/3/2025,Mon,P2,Q1,6,2025,P2 FY25,Q1 FY25,2,1,Feb,2
2/4/2025,Tue,P2,Q1,6,2025,P2 FY25,Q1 FY25,2,1,Feb,2
2/5/2025,Wed,P2,Q1,6,2025,P2 FY25,Q1 FY25,2,1,Feb,2
2/6/2025,Thu,P2,Q1,6,2025,P2 FY25,Q1 FY25,2,1,Feb,2
2/7/2025,Fri,P2,Q1,6,2025,P2 FY25,Q1 FY25,2,1,Feb,2
2/8/2025,Sat,P2,Q1,6,2025,P2 FY25,Q1 FY25,2,1,Feb,2
2/9/2025,Sun,P2,Q1,6,2025,P2 FY25,Q1 FY25,2,1,Feb,2
2/10/2025,Mon,P2,Q1,7,2025,P2 FY25,Q1 FY25,2,1,Feb,2
2/11/2025,Tue,P2,Q1,7,2025,P2 FY25,Q1 FY25,2,1,Feb,2
2/12/2025,Wed,P2,Q1,7,2025,P2 FY25,Q1 FY25,2,1,Feb,2
2/13/2025,Thu,P2,Q1,7,2025,P2 FY25,Q1 FY25,2,1,Feb,2
2/14/2025,Fri,P2,Q1,7,2025,P2 FY25,Q1 FY25,2,1,Feb,2
2/15/2025,Sat,P2,Q1,7,2025,P2 FY25,Q1 FY25,2,1,Feb,2
2/16/2025,Sun,P2,Q1,7,2025,P2 FY25,Q1 FY25,2,1,Feb,2
2/17/2025,Mon,P2,Q1,8,2025,P2 FY25,Q1 FY25,2,1,Feb,2
2/18/2025,Tue,P2,Q1,8,2025,P2 FY25,Q1 FY25,2,1,Feb,2
2/19/2025,Wed,P2,Q1,8,2025,P2 FY25,Q1 FY25,2,1,Feb,2
2/20/2025,Thu,P2,Q1,8,2025,P2 FY25,Q1 FY25,2,1,Feb,2
2/21/2025,Fri,P2,Q1,8,2025,P2 FY25,Q1 FY25,2,1,Feb,2
2/22/2025,Sat,P2,Q1,8,2025,P2 FY25,Q1 FY25,2,1,Feb,2
2/23/2025,Sun,P2,Q1,8,2025,P2 FY25,Q1 FY25,2,1,Feb,2
2/24/2025,Mon,P3,Q1,9,2025,P3 FY25,Q1 FY25,3,1,Feb,2
2/25/2025,Tue,P3,Q1,9,2025,P3 FY25,Q1 FY25,3,1,Feb,2
2/26/2025,Wed,P3,Q1,9,2025,P3 FY25,Q1 FY25,3,1,Feb,2
2/27/2025,Thu,P3,Q1,9,2025,P3 FY25,Q1 FY25,3,1,Feb,2
2/28/2025,Fri,P3,Q1,9,2025,P3 FY25,Q1 FY25,3,1,Feb,2
3/1/2025,Sat,P3,Q1,9,2025,P3 FY25,Q1 FY25,3,1,Mar,3
3/2/2025,Sun,P3,Q1,9,2025,P3 FY25,Q1 FY25,3,1,Mar,3
3/3/2025,Mon,P3,Q1,10,2025,P3 FY25,Q1 FY25,3,1,Mar,3
3/4/2025,Tue,P3,Q1,10,2025,P3 FY25,Q1 FY25,3,1,Mar,3
3/5/2025,Wed,P3,Q1,10,2025,P3 FY25,Q1 FY25,3,1,Mar,3
3/6/2025,Thu,P3,Q1,10,2025,P3 FY25,Q1 FY25,3,1,Mar,3
3/7/2025,Fri,P3,Q1,10,2025,P3 FY25,Q1 FY25,3,1,Mar,3
3/8/2025,Sat,P3,Q1,10,2025,P3 FY25,Q1 FY25,3,1,Mar,3
3/9/2025,Sun,P3,Q1,10,2025,P3 FY25,Q1 FY25,3,1,Mar,3
3/10/2025,Mon,P3,Q1,11,2025,P3 FY25,Q1 FY25,3,1,Mar,3
3/11/2025,Tue,P3,Q1,11,2025,P3 FY25,Q1 FY25,3,1,Mar,3
3/12/2025,Wed,P3,Q1,11,2025,P3 FY25,Q1 FY25,3,1,Mar,3
3/13/2025,Thu,P3,Q1,11,2025,P3 FY25,Q1 FY25,3,1,Mar,3
3/14/2025,Fri,P3,Q1,11,2025,P3 FY25,Q1 FY25,3,1,Mar,3
3/15/2025,Sat,P3,Q1,11,2025,P3 FY25,Q1 FY25,3,1,Mar,3
3/16/2025,Sun,P3,Q1,11,2025,P3 FY25,Q1 FY25,3,1,Mar,3
3/17/2025,Mon,P3,Q1,12,2025,P3 FY25,Q1 FY25,3,1,Mar,3
3/18/2025,Tue,P3,Q1,12,2025,P3 FY25,Q1 FY25,3,1,Mar,3
3/19/2025,Wed,P3,Q1,12,2025,P3 FY25,Q1 FY25,3,1,Mar,3
3/20/2025,Thu,P3,Q1,12,2025,P3 FY25,Q1 FY25,3,1,Mar,3
3/21/2025,Fri,P3,Q1,12,2025,P3 FY25,Q1 FY25,3,1,Mar,3
3/22/2025,Sat,P3,Q1,12,2025,P3 FY25,Q1 FY25,3,1,Mar,3
3/23/2025,Sun,P3,Q1,12,2025,P3 FY25,Q1 FY25,3,1,Mar,3
3/24/2025,Mon,P3,Q1,13,2025,P3 FY25,Q1 FY25,3,1,Mar,3
3/25/2025,Tue,P3,Q1,13,2025,P3 FY25,Q1 FY25,3,1,Mar,3
3/26/2025,Wed,P3,Q1,13,2025,P3 FY25,Q1 FY25,3,1,Mar,3
3/27/2025,Thu,P3,Q1,13,2025,P3 FY25,Q1 FY25,3,1,Mar,3
3/28/2025,Fri,P3,Q1,13,2025,P3 FY25,Q1 FY25,3,1,Mar,3
3/29/2025,Sat,P3,Q1,13,2025,P3 FY25,Q1 FY25,3,1,Mar,3
3/30/2025,Sun,P3,Q1,13,2025,P3 FY25,Q1 FY25,3,1,Mar,3
3/31/2025,Mon,P4,Q2,14,2025,P4 FY25,Q2 FY25,4,2,Mar,3
4/1/2025,Tue,P4,Q2,14,2025,P4 FY25,Q2 FY25,4,2,Apr,4
4/2/2025,Wed,P4,Q2,14,2025,P4 FY25,Q2 FY25,4,2,Apr,4
4/3/2025,Thu,P4,Q2,14,2025,P4 FY25,Q2 FY25,4,2,Apr,4
4/4/2025,Fri,P4,Q2,14,2025,P4 FY25,Q2 FY25,4,2,Apr,4
4/5/2025,Sat,P4,Q2,14,2025,P4 FY25,Q2 FY25,4,2,Apr,4
4/6/2025,Sun,P4,Q2,14,2025,P4 FY25,Q2 FY25,4,2,Apr,4
4/7/2025,Mon,P4,Q2,15,2025,P4 FY25,Q2 FY25,4,2,Apr,4
4/8/2025,Tue,P4,Q2,15,2025,P4 FY25,Q2 FY25,4,2,Apr,4
4/9/2025,Wed,P4,Q2,15,2025,P4 FY25,Q2 FY25,4,2,Apr,4
4/10/2025,Thu,P4,Q2,15,2025,P4 FY25,Q2 FY25,4,2,Apr,4
4/11/2025,Fri,P4,Q2,15,2025,P4 FY25,Q2 FY25,4,2,Apr,4
4/12/2025,Sat,P4,Q2,15,2025,P4 FY25,Q2 FY25,4,2,Apr,4
4/13/2025,Sun,P4,Q2,15,2025,P4 FY25,Q2 FY25,4,2,Apr,4
4/14/2025,Mon,P4,Q2,16,2025,P4 FY25,Q2 FY25,4,2,Apr,4
4/15/2025,Tue,P4,Q2,16,2025,P4 FY25,Q2 FY25,4,2,Apr,4
4/16/2025,Wed,P4,Q2,16,2025,P4 FY25,Q2 FY25,4,2,Apr,4
4/17/2025,Thu,P4,Q2,16,2025,P4 FY25,Q2 FY25,4,2,Apr,4
4/18/2025,Fri,P4,Q2,16,2025,P4 FY25,Q2 FY25,4,2,Apr,4
4/19/2025,Sat,P4,Q2,16,2025,P4 FY25,Q2 FY25,4,2,Apr,4
4/20/2025,Sun,P4,Q2,16,2025,P4 FY25,Q2 FY25,4,2,Apr,4
4/21/2025,Mon,P4,Q2,17,2025,P4 FY25,Q2 FY25,4,2,Apr,4
4/22/2025,Tue,P4,Q2,17,2025,P4 FY25,Q2 FY25,4,2,Apr,4
4/23/2025,Wed,P4,Q2,17,2025,P4 FY25,Q2 FY25,4,2,Apr,4
4/24/2025,Thu,P4,Q2,17,2025,P4 FY25,Q2 FY25,4,2,Apr,4
4/25/2025,Fri,P4,Q2,17,2025,P4 FY25,Q2 FY25,4,2,Apr,4
4/26/2025,Sat,P4,Q2,17,2025,P4 FY25,Q2 FY25,4,2,Apr,4
4/27/2025,Sun,P4,Q2,17,2025,P4 FY25,Q2 FY25,4,2,Apr,4
4/28/2025,Mon,P5,Q2,18,2025,P5 FY25,Q2 FY25,5,2,Apr,4
4/29/2025,Tue,P5,Q2,18,2025,P5 FY25,Q2 FY25,5,2,Apr,4
4/30/2025,Wed,P5,Q2,18,2025,P5 FY25,Q2 FY25,5,2,Apr,4
5/1/2025,Thu,P5,Q2,18,2025,P5 FY25,Q2 FY25,5,2,May,5
5/2/2025,Fri,P5,Q2,18,2025,P5 FY25,Q2 FY25,5,2,May,5
5/3/2025,Sat,P5,Q2,18,2025,P5 FY25,Q2 FY25,5,2,May,5
5/4/2025,Sun,P5,Q2,18,2025,P5 FY25,Q2 FY25,5,2,May,5
5/5/2025,Mon,P5,Q2,19,2025,P5 FY25,Q2 FY25,5,2,May,5
5/6/2025,Tue,P5,Q2,19,2025,P5 FY25,Q2 FY25,5,2,May,5
5/7/2025,Wed,P5,Q2,19,2025,P5 FY25,Q2 FY25,5,2,May,5
5/8/2025,Thu,P5,Q2,19,2025,P5 FY25,Q2 FY25,5,2,May,5
5/9/2025,Fri,P5,Q2,19,2025,P5 FY25,Q2 FY25,5,2,May,5
5/10/2025,Sat,P5,Q2,19,2025,P5 FY25,Q2 FY25,5,2,May,5
5/11/2025,Sun,P5,Q2,19,2025,P5 FY25,Q2 FY25,5,2,May,5
5/12/2025,Mon,P5,Q2,20,2025,P5 FY25,Q2 FY25,5,2,May,5
5/13/2025,Tue,P5,Q2,20,2025,P5 FY25,Q2 FY25,5,2,May,5
5/14/2025,Wed,P5,Q2,20,2025,P5 FY25,Q2 FY25,5,2,May,5
5/15/2025,Thu,P5,Q2,20,2025,P5 FY25,Q2 FY25,5,2,May,5
5/16/2025,Fri,P5,Q2,20,2025,P5 FY25,Q2 FY25,5,2,May,5
5/17/2025,Sat,P5,Q2,20,2025,P5 FY25,Q2 FY25,5,2,May,5
5/18/2025,Sun,P5,Q2,20,2025,P5 FY25,Q2 FY25,5,2,May,5
5/19/2025,Mon,P5,Q2,21,2025,P5 FY25,Q2 FY25,5,2,May,5
5/20/2025,Tue,P5,Q2,21,2025,P5 FY25,Q2 FY25,5,2,May,5
5/21/2025,Wed,P5,Q2,21,2025,P5 FY25,Q2 FY25,5,2,May,5
5/22/2025,Thu,P5,Q2,21,2025,P5 FY25,Q2 FY25,5,2,May,5
5/23/2025,Fri,P5,Q2,21,2025,P5 FY25,Q2 FY25,5,2,May,5
5/24/2025,Sat,P5,Q2,21,2025,P5 FY25,Q2 FY25,5,2,May,5
5/25/2025,Sun,P5,Q2,21,2025,P5 FY25,Q2 FY25,5,2,May,5
5/26/2025,Mon,P6,Q2,22,2025,P6 FY25,Q2 FY25,6,2,May,5
5/27/2025,Tue,P6,Q2,22,2025,P6 FY25,Q2 FY25,6,2,May,5
5/28/2025,Wed,P6,Q2,22,2025,P6 FY25,Q2 FY25,6,2,May,5
5/29/2025,Thu,P6,Q2,22,2025,P6 FY25,Q2 FY25,6,2,May,5
5/30/2025,Fri,P6,Q2,22,2025,P6 FY25,Q2 FY25,6,2,May,5
5/31/2025,Sat,P6,Q2,22,2025,P6 FY25,Q2 FY25,6,2,May,5
6/1/2025,Sun,P6,Q2,22,2025,P6 FY25,Q2 FY25,6,2,Jun,6
6/2/2025,Mon,P6,Q2,23,2025,P6 FY25,Q2 FY25,6,2,Jun,6
6/3/2025,Tue,P6,Q2,23,2025,P6 FY25,Q2 FY25,6,2,Jun,6
6/4/2025,Wed,P6,Q2,23,2025,P6 FY25,Q2 FY25,6,2,Jun,6
6/5/2025,Thu,P6,Q2,23,2025,P6 FY25,Q2 FY25,6,2,Jun,6
6/6/2025,Fri,P6,Q2,23,2025,P6 FY25,Q2 FY25,6,2,Jun,6
6/7/2025,Sat,P6,Q2,23,2025,P6 FY25,Q2 FY25,6,2,Jun,6
6/8/2025,Sun,P6,Q2,23,2025,P6 FY25,Q2 FY25,6,2,Jun,6
6/9/2025,Mon,P6,Q2,24,2025,P6 FY25,Q2 FY25,6,2,Jun,6
6/10/2025,Tue,P6,Q2,24,2025,P6 FY25,Q2 FY25,6,2,Jun,6
6/11/2025,Wed,P6,Q2,24,2025,P6 FY25,Q2 FY25,6,2,Jun,6
6/12/2025,Thu,P6,Q2,24,2025,P6 FY25,Q2 FY25,6,2,Jun,6
6/13/2025,Fri,P6,Q2,24,2025,P6 FY25,Q2 FY25,6,2,Jun,6
6/14/2025,Sat,P6,Q2,24,2025,P6 FY25,Q2 FY25,6,2,Jun,6
6/15/2025,Sun,P6,Q2,24,2025,P6 FY25,Q2 FY25,6,2,Jun,6
6/16/2025,Mon,P6,Q2,25,2025,P6 FY25,Q2 FY25,6,2,Jun,6
6/17/2025,Tue,P6,Q2,25,2025,P6 FY25,Q2 FY25,6,2,Jun,6
6/18/2025,Wed,P6,Q2,25,2025,P6 FY25,Q2 FY25,6,2,Jun,6
6/19/2025,Thu,P6,Q2,25,2025,P6 FY25,Q2 FY25,6,2,Jun,6
6/20/2025,Fri,P6,Q2,25,2025,P6 FY25,Q2 FY25,6,2,Jun,6
6/21/2025,Sat,P6,Q2,25,2025,P6 FY25,Q2 FY25,6,2,Jun,6
6/22/2025,Sun,P6,Q2,25,2025,P6 FY25,Q2 FY25,6,2,Jun,6
6/23/2025,Mon,P6,Q2,26,2025,P6 FY25,Q2 FY25,6,2,Jun,6
6/24/2025,Tue,P6,Q2,26,2025,P6 FY25,Q2 FY25,6,2,Jun,6
6/25/2025,Wed,P6,Q2,26,2025,P6 FY25,Q2 FY25,6,2,Jun,6
6/26/2025,Thu,P6,Q2,26,2025,P6 FY25,Q2 FY25,6,2,Jun,6
6/27/2025,Fri,P6,Q2,26,2025,P6 FY25,Q2 FY25,6,2,Jun,6
6/28/2025,Sat,P6,Q2,26,2025,P6 FY25,Q2 FY25,6,2,Jun,6
6/29/2025,Sun,P6,Q2,26,2025,P6 FY25,Q2 FY25,6,2,Jun,6
6/30/2025,Mon,P7,Q3,27,2025,P7 FY25,Q3 FY25,7,3,Jun,6
7/1/2025,Tue,P7,Q3,27,2025,P7 FY25,Q3 FY25,7,3,Jul,7
7/2/2025,Wed,P7,Q3,27,2025,P7 FY25,Q3 FY25,7,3,Jul,7
7/3/2025,Thu,P7,Q3,27,2025,P7 FY25,Q3 FY25,7,3,Jul,7
7/4/2025,Fri,P7,Q3,27,2025,P7 FY25,Q3 FY25,7,3,Jul,7
7/5/2025,Sat,P7,Q3,27,2025,P7 FY25,Q3 FY25,7,3,Jul,7
7/6/2025,Sun,P7,Q3,27,2025,P7 FY25,Q3 FY25,7,3,Jul,7
7/7/2025,Mon,P7,Q3,28,2025,P7 FY25,Q3 FY25,7,3,Jul,7
7/8/2025,Tue,P7,Q3,28,2025,P7 FY25,Q3 FY25,7,3,Jul,7
7/9/2025,Wed,P7,Q3,28,2025,P7 FY25,Q3 FY25,7,3,Jul,7
7/10/2025,Thu,P7,Q3,28,2025,P7 FY25,Q3 FY25,7,3,Jul,7
7/11/2025,Fri,P7,Q3,28,2025,P7 FY25,Q3 FY25,7,3,Jul,7
7/12/2025,Sat,P7,Q3,28,2025,P7 FY25,Q3 FY25,7,3,Jul,7
7/13/2025,Sun,P7,Q3,28,2025,P7 FY25,Q3 FY25,7,3,Jul,7
7/14/2025,Mon,P7,Q3,29,2025,P7 FY25,Q3 FY25,7,3,Jul,7
7/15/2025,Tue,P7,Q3,29,2025,P7 FY25,Q3 FY25,7,3,Jul,7
7/16/2025,Wed,P7,Q3,29,2025,P7 FY25,Q3 FY25,7,3,Jul,7
7/17/2025,Thu,P7,Q3,29,2025,P7 FY25,Q3 FY25,7,3,Jul,7
7/18/2025,Fri,P7,Q3,29,2025,P7 FY25,Q3 FY25,7,3,Jul,7
7/19/2025,Sat,P7,Q3,29,2025,P7 FY25,Q3 FY25,7,3,Jul,7
7/20/2025,Sun,P7,Q3,29,2025,P7 FY25,Q3 FY25,7,3,Jul,7
7/21/2025,Mon,P7,Q3,30,2025,P7 FY25,Q3 FY25,7,3,Jul,7
7/22/2025,Tue,P7,Q3,30,2025,P7 FY25,Q3 FY25,7,3,Jul,7
7/23/2025,Wed,P7,Q3,30,2025,P7 FY25,Q3 FY25,7,3,Jul,7
7/24/2025,Thu,P7,Q3,30,2025,P7 FY25,Q3 FY25,7,3,Jul,7
7/25/2025,Fri,P7,Q3,30,2025,P7 FY25,Q3 FY25,7,3,Jul,7
7/26/2025,Sat,P7,Q3,30,2025,P7 FY25,Q3 FY25,7,3,Jul,7
7/27/2025,Sun,P7,Q3,30,2025,P7 FY25,Q3 FY25,7,3,Jul,7
7/28/2025,Mon,P8,Q3,31,2025,P8 FY25,Q3 FY25,8,3,Jul,7
7/29/2025,Tue,P8,Q3,31,2025,P8 FY25,Q3 FY25,8,3,Jul,7
7/30/2025,Wed,P8,Q3,31,2025,P8 FY25,Q3 FY25,8,3,Jul,7
7/31/2025,Thu,P8,Q3,31,2025,P8 FY25,Q3 FY25,8,3,Jul,7
8/1/2025,Fri,P8,Q3,31,2025,P8 FY25,Q3 FY25,8,3,Aug,8
8/2/2025,Sat,P8,Q3,31,2025,P8 FY25,Q3 FY25,8,3,Aug,8
8/3/2025,Sun,P8,Q3,31,2025,P8 FY25,Q3 FY25,8,3,Aug,8
8/4/2025,Mon,P8,Q3,32,2025,P8 FY25,Q3 FY25,8,3,Aug,8
8/5/2025,Tue,P8,Q3,32,2025,P8 FY25,Q3 FY25,8,3,Aug,8
8/6/2025,Wed,P8,Q3,32,2025,P8 FY25,Q3 FY25,8,3,Aug,8
8/7/2025,Thu,P8,Q3,32,2025,P8 FY25,Q3 FY25,8,3,Aug,8
8/8/2025,Fri,P8,Q3,32,2025,P8 FY25,Q3 FY25,8,3,Aug,8
8/9/2025,Sat,P8,Q3,32,2025,P8 FY25,Q3 FY25,8,3,Aug,8
8/10/2025,Sun,P8,Q3,32,2025,P8 FY25,Q3 FY25,8,3,Aug,8
8/11/2025,Mon,P8,Q3,33,2025,P8 FY25,Q3 FY25,8,3,Aug,8
8/12/2025,Tue,P8,Q3,33,2025,P8 FY25,Q3 FY25,8,3,Aug,8
8/13/2025,Wed,P8,Q3,33,2025,P8 FY25,Q3 FY25,8,3,Aug,8
8/14/2025,Thu,P8,Q3,33,2025,P8 FY25,Q3 FY25,8,3,Aug,8
8/15/2025,Fri,P8,Q3,33,2025,P8 FY25,Q3 FY25,8,3,Aug,8
8/16/2025,Sat,P8,Q3,33,2025,P8 FY25,Q3 FY25,8,3,Aug,8
8/17/2025,Sun,P8,Q3,33,2025,P8 FY25,Q3 FY25,8,3,Aug,8
8/18/2025,Mon,P8,Q3,34,2025,P8 FY25,Q3 FY25,8,3,Aug,8
8/19/2025,Tue,P8,Q3,34,2025,P8 FY25,Q3 FY25,8,3,Aug,8
8/20/2025,Wed,P8,Q3,34,2025,P8 FY25,Q3 FY25,8,3,Aug,8
8/21/2025,Thu,P8,Q3,34,2025,P8 FY25,Q3 FY25,8,3,Aug,8
8/22/2025,Fri,P8,Q3,34,2025,P8 FY25,Q3 FY25,8,3,Aug,8
8/23/2025,Sat,P8,Q3,34,2025,P8 FY25,Q3 FY25,8,3,Aug,8
8/24/2025,Sun,P8,Q3,34,2025,P8 FY25,Q3 FY25,8,3,Aug,8
8/25/2025,Mon,P9,Q3,35,2025,P9 FY25,Q3 FY25,9,3,Aug,8
8/26/2025,Tue,P9,Q3,35,2025,P9 FY25,Q3 FY25,9,3,Aug,8
8/27/2025,Wed,P9,Q3,35,2025,P9 FY25,Q3 FY25,9,3,Aug,8
8/28/2025,Thu,P9,Q3,35,2025,P9 FY25,Q3 FY25,9,3,Aug,8
8/29/2025,Fri,P9,Q3,35,2025,P9 FY25,Q3 FY25,9,3,Aug,8
8/30/2025,Sat,P9,Q3,35,2025,P9 FY25,Q3 FY25,9,3,Aug,8
8/31/2025,Sun,P9,Q3,35,2025,P9 FY25,Q3 FY25,9,3,Aug,8
9/1/2025,Mon,P9,Q3,36,2025,P9 FY25,Q3 FY25,9,3,Sep,9
9/2/2025,Tue,P9,Q3,36,2025,P9 FY25,Q3 FY25,9,3,Sep,9
9/3/2025,Wed,P9,Q3,36,2025,P9 FY25,Q3 FY25,9,3,Sep,9
9/4/2025,Thu,P9,Q3,36,2025,P9 FY25,Q3 FY25,9,3,Sep,9
9/5/2025,Fri,P9,Q3,36,2025,P9 FY25,Q3 FY25,9,3,Sep,9
9/6/2025,Sat,P9,Q3,36,2025,P9 FY25,Q3 FY25,9,3,Sep,9
9/7/2025,Sun,P9,Q3,36,2025,P9 FY25,Q3 FY25,9,3,Sep,9
9/8/2025,Mon,P9,Q3,37,2025,P9 FY25,Q3 FY25,9,3,Sep,9
9/9/2025,Tue,P9,Q3,37,2025,P9 FY25,Q3 FY25,9,3,Sep,9
9/10/2025,Wed,P9,Q3,37,2025,P9 FY25,Q3 FY25,9,3,Sep,9
9/11/2025,Thu,P9,Q3,37,2025,P9 FY25,Q3 FY25,9,3,Sep,9
9/12/2025,Fri,P9,Q3,37,2025,P9 FY25,Q3 FY25,9,3,Sep,9
9/13/2025,Sat,P9,Q3,37,2025,P9 FY25,Q3 FY25,9,3,Sep,9
9/14/2025,Sun,P9,Q3,37,2025,P9 FY25,Q3 FY25,9,3,Sep,9
9/15/2025,Mon,P9,Q3,38,2025,P9 FY25,Q3 FY25,9,3,Sep,9
9/16/2025,Tue,P9,Q3,38,2025,P9 FY25,Q3 FY25,9,3,Sep,9
9/17/2025,Wed,P9,Q3,38,2025,P9 FY25,Q3 FY25,9,3,Sep,9
9/18/2025,Thu,P9,Q3,38,2025,P9 FY25,Q3 FY25,9,3,Sep,9
9/19/2025,Fri,P9,Q3,38,2025,P9 FY25,Q3 FY25,9,3,Sep,9
9/20/2025,Sat,P9,Q3,38,2025,P9 FY25,Q3 FY25,9,3,Sep,9
9/21/2025,Sun,P9,Q3,38,2025,P9 FY25,Q3 FY25,9,3,Sep,9
9/22/2025,Mon,P9,Q3,39,2025,P9 FY25,Q3 FY25,9,3,Sep,9
9/23/2025,Tue,P9,Q3,39,2025,P9 FY25,Q3 FY25,9,3,Sep,9
9/24/2025,Wed,P9,Q3,39,2025,P9 FY25,Q3 FY25,9,3,Sep,9
9/25/2025,Thu,P9,Q3,39,2025,P9 FY25,Q3 FY25,9,3,Sep,9
9/26/2025,Fri,P9,Q3,39,2025,P9 FY25,Q3 FY25,9,3,Sep,9
9/27/2025,Sat,P9,Q3,39,2025,P9 FY25,Q3 FY25,9,3,Sep,9
9/28/2025,Sun,P9,Q3,39,2025,P9 FY25,Q3 FY25,9,3,Sep,9
9/29/2025,Mon,P10,Q4,40,2025,P10 FY25,Q4 FY25,10,4,Sep,9
9/30/2025,Tue,P10,Q4,40,2025,P10 FY25,Q4 FY25,10,4,Sep,9
10/1/2025,Wed,P10,Q4,40,2025,P10 FY25,Q4 FY25,10,4,Oct,10
10/2/2025,Thu,P10,Q4,40,2025,P10 FY25,Q4 FY25,10,4,Oct,10
10/3/2025,Fri,P10,Q4,40,2025,P10 FY25,Q4 FY25,10,4,Oct,10
10/4/2025,Sat,P10,Q4,40,2025,P10 FY25,Q4 FY25,10,4,Oct,10
10/5/2025,Sun,P10,Q4,40,2025,P10 FY25,Q4 FY25,10,4,Oct,10
10/6/2025,Mon,P10,Q4,41,2025,P10 FY25,Q4 FY25,10,4,Oct,10
10/7/2025,Tue,P10,Q4,41,2025,P10 FY25,Q4 FY25,10,4,Oct,10
10/8/2025,Wed,P10,Q4,41,2025,P10 FY25,Q4 FY25,10,4,Oct,10
10/9/2025,Thu,P10,Q4,41,2025,P10 FY25,Q4 FY25,10,4,Oct,10
10/10/2025,Fri,P10,Q4,41,2025,P10 FY25,Q4 FY25,10,4,Oct,10
10/11/2025,Sat,P10,Q4,41,2025,P10 FY25,Q4 FY25,10,4,Oct,10
10/12/2025,Sun,P10,Q4,41,2025,P10 FY25,Q4 FY25,10,4,Oct,10
10/13/2025,Mon,P10,Q4,42,2025,P10 FY25,Q4 FY25,10,4,Oct,10
10/14/2025,Tue,P10,Q4,42,2025,P10 FY25,Q4 FY25,10,4,Oct,10
10/15/2025,Wed,P10,Q4,42,2025,P10 FY25,Q4 FY25,10,4,Oct,10
10/16/2025,Thu,P10,Q4,42,2025,P10 FY25,Q4 FY25,10,4,Oct,10
10/17/2025,Fri,P10,Q4,42,2025,P10 FY25,Q4 FY25,10,4,Oct,10
10/18/2025,Sat,P10,Q4,42,2025,P10 FY25,Q4 FY25,10,4,Oct,10
10/19/2025,Sun,P10,Q4,42,2025,P10 FY25,Q4 FY25,10,4,Oct,10
10/20/2025,Mon,P10,Q4,43,2025,P10 FY25,Q4 FY25,10,4,Oct,10
10/21/2025,Tue,P10,Q4,43,2025,P10 FY25,Q4 FY25,10,4,Oct,10
10/22/2025,Wed,P10,Q4,43,2025,P10 FY25,Q4 FY25,10,4,Oct,10
10/23/2025,Thu,P10,Q4,43,2025,P10 FY25,Q4 FY25,10,4,Oct,10
10/24/2025,Fri,P10,Q4,43,2025,P10 FY25,Q4 FY25,10,4,Oct,10
10/25/2025,Sat,P10,Q4,43,2025,P10 FY25,Q4 FY25,10,4,Oct,10
10/26/2025,Sun,P10,Q4,43,2025,P10 FY25,Q4 FY25,10,4,Oct,10
10/27/2025,Mon,P11,Q4,44,2025,P11 FY25,Q4 FY25,11,4,Oct,10
10/28/2025,Tue,P11,Q4,44,2025,P11 FY25,Q4 FY25,11,4,Oct,10
10/29/2025,Wed,P11,Q4,44,2025,P11 FY25,Q4 FY25,11,4,Oct,10
10/30/2025,Thu,P11,Q4,44,2025,P11 FY25,Q4 FY25,11,4,Oct,10
10/31/2025,Fri,P11,Q4,44,2025,P11 FY25,Q4 FY25,11,4,Oct,10
11/1/2025,Sat,P11,Q4,44,2025,P11 FY25,Q4 FY25,11,4,Nov,11
11/2/2025,Sun,P11,Q4,44,2025,P11 FY25,Q4 FY25,11,4,Nov,11
11/3/2025,Mon,P11,Q4,45,2025,P11 FY25,Q4 FY25,11,4,Nov,11
11/4/2025,Tue,P11,Q4,45,2025,P11 FY25,Q4 FY25,11,4,Nov,11
11/5/2025,Wed,P11,Q4,45,2025,P11 FY25,Q4 FY25,11,4,Nov,11
11/6/2025,Thu,P11,Q4,45,2025,P11 FY25,Q4 FY25,11,4,Nov,11
11/7/2025,Fri,P11,Q4,45,2025,P11 FY25,Q4 FY25,11,4,Nov,11
11/8/2025,Sat,P11,Q4,45,2025,P11 FY25,Q4 FY25,11,4,Nov,11
11/9/2025,Sun,P11,Q4,45,2025,P11 FY25,Q4 FY25,11,4,Nov,11
11/10/2025,Mon,P11,Q4,46,2025,P11 FY25,Q4 FY25,11,4,Nov,11
11/11/2025,Tue,P11,Q4,46,2025,P11 FY25,Q4 FY25,11,4,Nov,11
11/12/2025,Wed,P11,Q4,46,2025,P11 FY25,Q4 FY25,11,4,Nov,11
11/13/2025,Thu,P11,Q4,46,2025,P11 FY25,Q4 FY25,11,4,Nov,11
11/14/2025,Fri,P11,Q4,46,2025,P11 FY25,Q4 FY25,11,4,Nov,11
11/15/2025,Sat,P11,Q4,46,2025,P11 FY25,Q4 FY25,11,4,Nov,11
11/16/2025,Sun,P11,Q4,46,2025,P11 FY25,Q4 FY25,11,4,Nov,11
11/17/2025,Mon,P11,Q4,47,2025,P11 FY25,Q4 FY25,11,4,Nov,11
11/18/2025,Tue,P11,Q4,47,2025,P11 FY25,Q4 FY25,11,4,Nov,11
11/19/2025,Wed,P11,Q4,47,2025,P11 FY25,Q4 FY25,11,4,Nov,11
11/20/2025,Thu,P11,Q4,47,2025,P11 FY25,Q4 FY25,11,4,Nov,11
11/21/2025,Fri,P11,Q4,47,2025,P11 FY25,Q4 FY25,11,4,Nov,11
11/22/2025,Sat,P11,Q4,47,2025,P11 FY25,Q4 FY25,11,4,Nov,11
11/23/2025,Sun,P11,Q4,47,2025,P11 FY25,Q4 FY25,11,4,Nov,11
11/24/2025,Mon,P12,Q4,48,2025,P12 FY25,Q4 FY25,12,4,Nov,11
11/25/2025,Tue,P12,Q4,48,2025,P12 FY25,Q4 FY25,12,4,Nov,11
11/26/2025,Wed,P12,Q4,48,2025,P12 FY25,Q4 FY25,12,4,Nov,11
11/27/2025,Thu,P12,Q4,48,2025,P12 FY25,Q4 FY25,12,4,Nov,11
11/28/2025,Fri,P12,Q4,48,2025,P12 FY25,Q4 FY25,12,4,Nov,11
11/29/2025,Sat,P12,Q4,48,2025,P12 FY25,Q4 FY25,12,4,Nov,11
11/30/2025,Sun,P12,Q4,48,2025,P12 FY25,Q4 FY25,12,4,Nov,11
12/1/2025,Mon,P12,Q4,49,2025,P12 FY25,Q4 FY25,12,4,Dec,12
12/2/2025,Tue,P12,Q4,49,2025,P12 FY25,Q4 FY25,12,4,Dec,12
12/3/2025,Wed,P12,Q4,49,2025,P12 FY25,Q4 FY25,12,4,Dec,12
12/4/2025,Thu,P12,Q4,49,2025,P12 FY25,Q4 FY25,12,4,Dec,12
12/5/2025,Fri,P12,Q4,49,2025,P12 FY25,Q4 FY25,12,4,Dec,12
12/6/2025,Sat,P12,Q4,49,2025,P12 FY25,Q4 FY25,12,4,Dec,12
12/7/2025,Sun,P12,Q4,49,2025,P12 FY25,Q4 FY25,12,4,Dec,12
12/8/2025,Mon,P12,Q4,50,2025,P12 FY25,Q4 FY25,12,4,Dec,12
12/9/2025,Tue,P12,Q4,50,2025,P12 FY25,Q4 FY25,12,4,Dec,12
12/10/2025,Wed,P12,Q4,50,2025,P12 FY25,Q4 FY25,12,4,Dec,12
12/11/2025,Thu,P12,Q4,50,2025,P12 FY25,Q4 FY25,12,4,Dec,12
12/12/2025,Fri,P12,Q4,50,2025,P12 FY25,Q4 FY25,12,4,Dec,12
12/13/2025,Sat,P12,Q4,50,2025,P12 FY25,Q4 FY25,12,4,Dec,12
12/14/2025,Sun,P12,Q4,50,2025,P12 FY25,Q4 FY25,12,4,Dec,12
12/15/2025,Mon,P12,Q4,51,2025,P12 FY25,Q4 FY25,12,4,Dec,12
12/16/2025,Tue,P12,Q4,51,2025,P12 FY25,Q4 FY25,12,4,Dec,12
12/17/2025,Wed,P12,Q4,51,2025,P12 FY25,Q4 FY25,12,4,Dec,12
12/18/2025,Thu,P12,Q4,51,2025,P12 FY25,Q4 FY25,12,4,Dec,12
12/19/2025,Fri,P12,Q4,51,2025,P12 FY25,Q4 FY25,12,4,Dec,12
12/20/2025,Sat,P12,Q4,51,2025,P12 FY25,Q4 FY25,12,4,Dec,12
12/21/2025,Sun,P12,Q4,51,2025,P12 FY25,Q4 FY25,12,4,Dec,12
12/22/2025,Mon,P12,Q4,52,2025,P12 FY25,Q4 FY25,12,4,Dec,12
12/23/2025,Tue,P12,Q4,52,2025,P12 FY25,Q4 FY25,12,4,Dec,12
12/24/2025,Wed,P12,Q4,52,2025,P12 FY25,Q4 FY25,12,4,Dec,12
12/25/2025,Thu,P12,Q4,52,2025,P12 FY25,Q4 FY25,12,4,Dec,12
12/26/2025,Fri,P12,Q4,52,2025,P12 FY25,Q4 FY25,12,4,Dec,12
12/27/2025,Sat,P12,Q4,52,2025,P12 FY25,Q4 FY25,12,4,Dec,12
12/28/2025,Sun,P12,Q4,52,2025,P12 FY25,Q4 FY25,12,4,Dec,12
